timestamp,location,detected_condition,crowd_count,visibility_index,risk_score,alert_status
2026-09-23T18:37:58.700942,Test-Zone-A,fog,57.3,0.580,0.91,ELEVATED CONGESTION WARNING
2026-09-23T18:37:59.860431,Preset-FOG,fog,57.3,0.580,0.91,ELEVATED CONGESTION WARNING
2026-09-23T18:38:01.022567,Preset-RAIN,rain,70.0,0.659,1.00,CAPACITY THRESHOLD EXCEEDED
2026-09-23T18:38:02.182198,Preset-GLARE,glare,59.9,0.664,0.85,ELEVATED CONGESTION WARNING
2026-09-23T18:38:03.349999,Preset-CLEAR,clear,62.3,0.695,0.73,CAUTION MONITORING
2026-09-23T18:38:04.583235,Preset-FOG,fog,57.3,0.580,1.00,CAPACITY THRESHOLD EXCEEDED
2026-09-23T18:38:05.781403,Preset-FOG,fog,57.3,0.580,0.11,NORMAL CAPACITY
2026-09-23T18:38:42.094466,Test-Zone-A,fog,57.3,0.580,0.91,ELEVATED CONGESTION WARNING
2026-09-23T18:38:43.244328,Preset-FOG,fog,57.3,0.580,0.91,ELEVATED CONGESTION WARNING
2026-09-23T18:38:44.387077,Preset-RAIN,rain,70.0,0.659,1.00,CAPACITY THRESHOLD EXCEEDED
2026-09-23T18:38:45.544537,Preset-GLARE,glare,59.9,0.664,0.85,ELEVATED CONGESTION WARNING
2026-09-23T18:38:46.704518,Preset-CLEAR,clear,62.3,0.695,0.73,CAUTION MONITORING
2026-09-23T18:38:47.958626,Preset-FOG,fog,57.3,0.580,1.00,CAPACITY THRESHOLD EXCEEDED
2026-09-23T18:38:49.146340,Preset-FOG,fog,57.3,0.580,0.11,NORMAL CAPACITY
2026-09-23T18:38:49.639010,Video-Test-Concourse,fog,14.3,0.559,0.03,NORMAL CAPACITY
2026-09-23T18:38:49.989108,Video-Test-Concourse,fog,14.3,0.557,0.03,NORMAL CAPACITY
2026-09-23T18:38:50.324017,Video-Test-Concourse,fog,14.3,0.551,0.03,NORMAL CAPACITY
2026-09-23T18:43:50.434347,Test-Zone-A,fog,57.3,0.580,0.91,ELEVATED CONGESTION WARNING
2026-09-23T18:43:51.586757,Preset-FOG,fog,57.3,0.580,0.91,ELEVATED CONGESTION WARNING
2026-09-23T18:43:52.738531,Preset-RAIN,rain,70.0,0.659,1.00,CAPACITY THRESHOLD EXCEEDED
2026-09-23T18:43:53.920277,Preset-GLARE,glare,59.9,0.664,0.85,ELEVATED CONGESTION WARNING
2026-09-23T18:43:55.082041,Preset-CLEAR,clear,62.3,0.695,0.73,CAUTION MONITORING
2026-09-23T18:43:56.297337,Preset-FOG,fog,57.3,0.580,1.00,CAPACITY THRESHOLD EXCEEDED
2026-09-23T18:43:57.476407,Preset-FOG,fog,57.3,0.580,0.11,NORMAL CAPACITY
2026-09-23T18:43:57.834554,Video-Test-Concourse,fog,14.3,0.559,0.03,NORMAL CAPACITY
2026-09-23T18:43:58.152712,Video-Test-Concourse,fog,14.3,0.557,0.03,NORMAL CAPACITY
2026-09-23T18:43:58.439967,Video-Test-Concourse,fog,14.3,0.551,0.03,NORMAL CAPACITY
2026-09-23T18:43:59.661956,Preset-Video-FOG,fog,58.6,0.516,0.12,NORMAL CAPACITY
2026-09-23T18:44:00.878261,Preset-Video-FOG,fog,58.5,0.516,0.12,NORMAL CAPACITY
2026-09-23T18:44:02.040163,Preset-Video-FOG,fog,58.7,0.516,0.12,NORMAL CAPACITY
2026-09-23T18:44:03.204986,Preset-Video-FOG,fog,58.8,0.516,0.12,NORMAL CAPACITY
2026-09-23T18:44:04.397819,Preset-Video-FOG,fog,58.8,0.516,0.12,NORMAL CAPACITY
2026-09-23T18:45:13.977651,North-Plaza-Gate-1,clear,64.0,0.846,0.64,CAUTION MONITORING
2026-09-23T18:46:57.091945,Preset-FOG,fog,57.3,0.580,1.00,CAPACITY THRESHOLD EXCEEDED
2026-09-23T18:47:07.455811,Preset-RAIN,rain,70.0,0.659,1.00,CAPACITY THRESHOLD EXCEEDED
2026-09-23T18:47:26.766858,Preset-GLARE,glare,59.9,0.664,1.00,CAPACITY THRESHOLD EXCEEDED
2026-09-23T18:49:25.308244,Preset-GLARE,glare,59.9,0.664,1.00,CAPACITY THRESHOLD EXCEEDED
2026-09-23T18:53:29.317002,North-Plaza-Gate-1,clear,62.3,0.695,0.62,CAUTION MONITORING
2026-09-23T18:53:30.429864,North-Plaza-Gate-1,fog,57.3,0.580,0.72,CAUTION MONITORING
2026-09-23T18:53:31.535087,North-Plaza-Gate-1,rain,70.0,0.659,0.91,ELEVATED CONGESTION WARNING
2026-09-23T18:53:32.649749,North-Plaza-Gate-1,glare,59.9,0.664,0.72,CAUTION MONITORING
2026-09-23T19:00:02.422911,Preset-CLEAR,clear,64.8,0.671,0.65,CAUTION MONITORING
2026-09-23T19:00:21.065504,North-Plaza-Gate-1,clear,64.8,0.671,0.65,CAUTION MONITORING
2026-09-23T19:01:11.974514,Test-Zone-A,fog,56.8,0.601,0.90,ELEVATED CONGESTION WARNING
2026-09-23T19:01:13.100451,Preset-FOG,fog,56.8,0.601,0.90,ELEVATED CONGESTION WARNING
2026-09-23T19:01:14.236180,Preset-RAIN,rain,65.9,0.647,1.00,CAPACITY THRESHOLD EXCEEDED
2026-09-23T19:01:15.389243,Preset-GLARE,glare,58.4,0.644,0.82,ELEVATED CONGESTION WARNING
2026-09-23T19:01:16.540171,Preset-CLEAR,clear,64.8,0.671,0.76,CAUTION MONITORING
2026-09-23T19:01:17.781088,Preset-FOG,fog,56.8,0.601,1.00,CAPACITY THRESHOLD EXCEEDED
2026-09-23T19:01:18.983643,Preset-FOG,fog,56.8,0.601,0.11,NORMAL CAPACITY
2026-09-23T19:01:19.327373,Video-Test-Concourse,fog,14.3,0.559,0.03,NORMAL CAPACITY
2026-09-23T19:01:19.656635,Video-Test-Concourse,fog,14.3,0.557,0.03,NORMAL CAPACITY
2026-09-23T19:01:19.947391,Video-Test-Concourse,fog,14.3,0.551,0.03,NORMAL CAPACITY
2026-09-23T19:01:20.486906,Preset-Video-FOG,fog,23.7,0.648,0.05,NORMAL CAPACITY
2026-09-23T19:01:21.025074,Preset-Video-FOG,fog,23.7,0.648,0.05,NORMAL CAPACITY
2026-09-23T19:01:21.543406,Preset-Video-FOG,fog,23.6,0.649,0.05,NORMAL CAPACITY
2026-09-23T19:01:22.050287,Preset-Video-FOG,fog,23.6,0.648,0.05,NORMAL CAPACITY
2026-09-23T19:01:22.556566,Preset-Video-FOG,fog,23.6,0.649,0.05,NORMAL CAPACITY
2026-09-23T19:01:23.106211,Preset-Video-FOG,fog,23.6,0.649,0.05,NORMAL CAPACITY
2026-09-23T19:01:23.634624,Preset-Video-FOG,fog,23.6,0.648,0.05,NORMAL CAPACITY
2026-09-23T19:01:24.139029,Preset-Video-FOG,fog,23.6,0.651,0.05,NORMAL CAPACITY
2026-09-23T19:01:24.644784,Preset-Video-FOG,fog,23.5,0.649,0.05,NORMAL CAPACITY
2026-09-23T19:01:25.143133,Preset-Video-FOG,fog,23.5,0.651,0.05,NORMAL CAPACITY
2026-09-23T19:01:25.659672,Preset-Video-FOG,fog,23.6,0.646,0.05,NORMAL CAPACITY
2026-09-23T19:01:26.167606,Preset-Video-FOG,fog,23.5,0.647,0.05,NORMAL CAPACITY
2026-09-23T19:03:51.999599,Preset-CLEAR,clear,64.8,0.671,0.65,CAUTION MONITORING
2026-09-23T19:04:14.955167,Preset-Video-FOG,fog,23.7,0.648,0.30,NORMAL CAPACITY
2026-09-23T19:04:15.444816,Preset-Video-FOG,fog,23.7,0.648,0.30,NORMAL CAPACITY
2026-09-23T19:04:15.932619,Preset-Video-FOG,fog,23.6,0.649,0.30,NORMAL CAPACITY
2026-09-23T19:04:16.396425,Preset-Video-FOG,fog,23.6,0.648,0.30,NORMAL CAPACITY
2026-09-23T19:04:16.876484,Preset-Video-FOG,fog,23.6,0.649,0.30,NORMAL CAPACITY
2026-09-23T19:04:17.347320,Preset-Video-FOG,fog,23.6,0.649,0.30,NORMAL CAPACITY
2026-09-23T19:04:17.821721,Preset-Video-FOG,fog,23.6,0.648,0.30,NORMAL CAPACITY
2026-09-23T19:04:18.290404,Preset-Video-FOG,fog,23.6,0.651,0.29,NORMAL CAPACITY
2026-09-23T19:04:18.773374,Preset-Video-FOG,fog,23.5,0.649,0.29,NORMAL CAPACITY
2026-09-23T19:04:19.241043,Preset-Video-FOG,fog,23.5,0.651,0.29,NORMAL CAPACITY
2026-09-23T19:04:19.716627,Preset-Video-FOG,fog,23.6,0.646,0.29,NORMAL CAPACITY
2026-09-23T19:04:20.188230,Preset-Video-FOG,fog,23.5,0.647,0.29,NORMAL CAPACITY
2026-09-23T19:07:01.570013,Preset-CLEAR,clear,64.8,0.671,0.65,CAUTION MONITORING
2026-09-23T19:08:17.001787,Preset-FOG,fog,56.8,0.601,0.71,CAUTION MONITORING
2026-09-23T19:08:43.395081,Preset-RAIN,rain,65.9,0.647,0.86,ELEVATED CONGESTION WARNING
2026-09-23T19:09:20.279525,Preset-GLARE,glare,58.4,0.644,0.70,CAUTION MONITORING
2026-09-23T19:09:47.515825,Preset-Video-FOG,fog,23.7,0.648,0.30,NORMAL CAPACITY
2026-09-23T19:09:48.416200,Preset-Video-FOG,fog,23.7,0.648,0.30,NORMAL CAPACITY
2026-09-23T19:09:49.339346,Preset-Video-FOG,fog,23.7,0.648,0.30,NORMAL CAPACITY
2026-09-23T19:09:50.255166,Preset-Video-FOG,fog,23.6,0.649,0.30,NORMAL CAPACITY
2026-09-23T19:09:51.169363,Preset-Video-FOG,fog,23.7,0.649,0.30,NORMAL CAPACITY
2026-09-23T19:09:52.090824,Preset-Video-FOG,fog,23.6,0.648,0.30,NORMAL CAPACITY
2026-09-23T19:09:53.004376,Preset-Video-FOG,fog,23.7,0.648,0.30,NORMAL CAPACITY
2026-09-23T19:09:53.959125,Preset-Video-FOG,fog,23.6,0.650,0.29,NORMAL CAPACITY
2026-09-23T19:09:54.865511,Preset-Video-FOG,fog,23.6,0.649,0.30,NORMAL CAPACITY
2026-09-23T19:09:55.774599,Preset-Video-FOG,fog,23.6,0.648,0.30,NORMAL CAPACITY
2026-09-23T19:09:56.723016,Preset-Video-FOG,fog,23.6,0.648,0.30,NORMAL CAPACITY
2026-09-23T19:09:57.638070,Preset-Video-FOG,fog,23.6,0.651,0.29,NORMAL CAPACITY
2026-09-23T19:09:58.562128,Preset-Video-FOG,fog,23.6,0.651,0.30,NORMAL CAPACITY
2026-09-23T19:09:59.469104,Preset-Video-FOG,fog,23.6,0.650,0.29,NORMAL CAPACITY
2026-09-23T19:10:00.413004,Preset-Video-FOG,fog,23.6,0.649,0.29,NORMAL CAPACITY
2026-09-23T19:10:01.326761,Preset-Video-FOG,fog,23.5,0.651,0.29,NORMAL CAPACITY
2026-09-23T19:10:02.252394,Preset-Video-FOG,fog,23.6,0.648,0.29,NORMAL CAPACITY
2026-09-23T19:10:03.186914,Preset-Video-FOG,fog,23.6,0.646,0.29,NORMAL CAPACITY
2026-09-23T19:10:04.107629,Preset-Video-FOG,fog,23.5,0.646,0.29,NORMAL CAPACITY
2026-09-23T19:10:05.023390,Preset-Video-FOG,fog,23.5,0.648,0.29,NORMAL CAPACITY
2026-09-23T19:10:26.516765,Preset-Video-RAIN,rain,25.8,0.753,0.34,NORMAL CAPACITY
2026-09-23T19:10:27.420436,Preset-Video-RAIN,rain,26.1,0.754,0.34,NORMAL CAPACITY
2026-09-23T19:10:28.317926,Preset-Video-RAIN,rain,25.8,0.754,0.34,NORMAL CAPACITY
2026-09-23T19:10:29.199529,Preset-Video-RAIN,rain,25.9,0.754,0.34,NORMAL CAPACITY
2026-09-23T19:10:30.139365,Preset-Video-RAIN,rain,25.8,0.754,0.34,NORMAL CAPACITY
2026-09-23T19:10:31.069658,Preset-Video-RAIN,rain,25.6,0.753,0.33,NORMAL CAPACITY
2026-09-23T19:10:32.003747,Preset-Video-RAIN,rain,25.6,0.754,0.33,NORMAL CAPACITY
2026-09-23T19:10:32.925035,Preset-Video-RAIN,rain,25.5,0.754,0.33,NORMAL CAPACITY
2026-09-23T19:10:33.837825,Preset-Video-RAIN,rain,25.6,0.752,0.33,NORMAL CAPACITY
2026-09-23T19:10:34.763306,Preset-Video-RAIN,rain,25.3,0.755,0.33,NORMAL CAPACITY
2026-09-23T19:10:35.646564,Preset-Video-RAIN,rain,25.4,0.754,0.33,NORMAL CAPACITY
2026-09-23T19:10:36.517856,Preset-Video-RAIN,rain,25.4,0.754,0.33,NORMAL CAPACITY
2026-09-23T19:10:37.405865,Preset-Video-RAIN,rain,25.6,0.754,0.33,NORMAL CAPACITY
2026-09-23T19:10:38.303017,Preset-Video-RAIN,rain,25.4,0.756,0.33,NORMAL CAPACITY
2026-09-23T19:10:39.208668,Preset-Video-RAIN,rain,25.4,0.755,0.33,NORMAL CAPACITY
2026-09-23T19:10:40.119667,Preset-Video-RAIN,rain,25.3,0.756,0.33,NORMAL CAPACITY
2026-09-23T19:10:41.046185,Preset-Video-RAIN,rain,25.7,0.753,0.33,NORMAL CAPACITY
2026-09-23T19:10:41.950636,Preset-Video-RAIN,rain,25.3,0.754,0.33,NORMAL CAPACITY
2026-09-23T19:10:42.845635,Preset-Video-RAIN,rain,25.3,0.753,0.33,NORMAL CAPACITY
2026-09-23T19:10:43.763117,Preset-Video-RAIN,rain,25.3,0.754,0.33,NORMAL CAPACITY
2026-09-23T19:37:43.566881,Test-Zone-A,fog,22.0,0.530,0.35,NORMAL CAPACITY
2026-09-23T19:37:44.726634,Preset-FOG,fog,22.0,0.530,0.35,NORMAL CAPACITY
2026-09-23T19:37:45.878163,Preset-RAIN,rain,50.0,0.647,0.76,CAUTION MONITORING
2026-09-23T19:37:47.037826,Preset-GLARE,glare,3.0,0.644,0.04,NORMAL CAPACITY
2026-09-23T19:37:48.265094,Preset-CLEAR,clear,43.0,0.671,0.51,CAUTION MONITORING
2026-09-23T19:37:49.497775,Preset-FOG,fog,22.0,0.530,1.00,CAPACITY THRESHOLD EXCEEDED
2026-09-23T19:37:50.694347,Preset-FOG,fog,22.0,0.530,0.04,NORMAL CAPACITY
2026-09-23T19:37:51.072942,Video-Test-Concourse,fog,0.0,0.559,0.00,NORMAL CAPACITY
2026-09-23T19:37:51.390518,Video-Test-Concourse,fog,0.0,0.557,0.00,NORMAL CAPACITY
2026-09-23T19:37:51.676640,Video-Test-Concourse,fog,0.0,0.551,0.00,NORMAL CAPACITY
2026-09-23T19:37:52.354780,Preset-Video-FOG,fog,0.0,0.647,0.00,NORMAL CAPACITY
2026-09-23T19:37:52.898057,Preset-Video-FOG,fog,0.0,0.648,0.00,NORMAL CAPACITY
2026-09-23T19:37:53.396936,Preset-Video-FOG,fog,0.0,0.649,0.00,NORMAL CAPACITY
2026-09-23T19:37:53.899252,Preset-Video-FOG,fog,0.0,0.648,0.00,NORMAL CAPACITY
2026-09-23T19:37:54.415390,Preset-Video-FOG,fog,0.0,0.648,0.00,NORMAL CAPACITY
2026-09-23T19:37:54.915624,Preset-Video-FOG,fog,0.0,0.648,0.00,NORMAL CAPACITY
2026-09-23T19:37:55.407190,Preset-Video-FOG,fog,0.0,0.648,0.00,NORMAL CAPACITY
2026-09-23T19:37:55.908517,Preset-Video-FOG,fog,0.0,0.650,0.00,NORMAL CAPACITY
2026-09-23T19:37:56.407532,Preset-Video-FOG,fog,0.0,0.649,0.00,NORMAL CAPACITY
2026-09-23T19:37:56.926240,Preset-Video-FOG,fog,0.0,0.651,0.00,NORMAL CAPACITY
2026-09-23T19:37:57.472645,Preset-Video-FOG,fog,0.0,0.647,0.00,NORMAL CAPACITY
2026-09-23T19:37:57.985970,Preset-Video-FOG,fog,0.0,0.646,0.00,NORMAL CAPACITY
2026-09-23T19:37:59.430119,Preset-EMPTY,fog,0.0,0.602,0.00,NORMAL CAPACITY
2026-09-23T19:40:06.688422,Preset-EMPTY,fog,0.0,0.602,0.00,NORMAL CAPACITY
2026-09-23T19:40:07.811538,Preset-CLEAR,clear,43.0,0.671,0.43,NORMAL CAPACITY
2026-09-23T19:44:49.037635,Test-Zone-A,fog,22.0,0.530,0.35,NORMAL CAPACITY
2026-09-23T19:44:50.177391,Preset-FOG,fog,5.0,0.529,0.08,NORMAL CAPACITY
2026-09-23T19:44:51.339030,Preset-RAIN,rain,50.0,0.647,0.76,CAUTION MONITORING
2026-09-23T19:44:52.527985,Preset-GLARE,glare,3.0,0.644,0.04,NORMAL CAPACITY
2026-09-23T19:44:53.693727,Preset-CLEAR,clear,43.0,0.671,0.51,CAUTION MONITORING
2026-09-23T19:44:54.954153,Preset-FOG,fog,5.0,0.529,0.42,NORMAL CAPACITY
2026-09-23T19:45:25.557631,Test-Zone-A,fog,22.0,0.530,0.35,NORMAL CAPACITY
2026-09-23T19:45:26.717931,Preset-FOG,fog,5.0,0.529,0.08,NORMAL CAPACITY
2026-09-23T19:45:27.893869,Preset-RAIN,rain,50.0,0.647,0.76,CAUTION MONITORING
2026-09-23T19:45:29.066940,Preset-GLARE,glare,3.0,0.644,0.04,NORMAL CAPACITY
2026-09-23T19:45:30.245100,Preset-CLEAR,clear,43.0,0.671,0.51,CAUTION MONITORING
2026-09-23T19:45:31.480490,Preset-FOG,fog,5.0,0.529,1.00,CAPACITY THRESHOLD EXCEEDED
2026-09-23T19:45:32.697300,Preset-FOG,fog,5.0,0.529,0.01,NORMAL CAPACITY
2026-09-23T19:45:33.080950,Video-Test-Concourse,fog,0.0,0.559,0.00,NORMAL CAPACITY
2026-09-23T19:45:33.401816,Video-Test-Concourse,fog,0.0,0.557,0.00,NORMAL CAPACITY
2026-09-23T19:45:33.690817,Video-Test-Concourse,fog,0.0,0.551,0.00,NORMAL CAPACITY
2026-09-23T19:45:34.341457,Preset-Video-FOG,fog,0.0,0.647,0.00,NORMAL CAPACITY
2026-09-23T19:45:34.878301,Preset-Video-FOG,fog,0.0,0.648,0.00,NORMAL CAPACITY
2026-09-23T19:45:35.389204,Preset-Video-FOG,fog,0.0,0.649,0.00,NORMAL CAPACITY
2026-09-23T19:45:35.909425,Preset-Video-FOG,fog,0.0,0.648,0.00,NORMAL CAPACITY
2026-09-23T19:45:36.409775,Preset-Video-FOG,fog,0.0,0.648,0.00,NORMAL CAPACITY
2026-09-23T19:45:36.928826,Preset-Video-FOG,fog,0.0,0.648,0.00,NORMAL CAPACITY
2026-09-23T19:45:37.427830,Preset-Video-FOG,fog,0.0,0.648,0.00,NORMAL CAPACITY
2026-09-23T19:45:37.940598,Preset-Video-FOG,fog,0.0,0.650,0.00,NORMAL CAPACITY
2026-09-23T19:45:38.444627,Preset-Video-FOG,fog,0.0,0.649,0.00,NORMAL CAPACITY
2026-09-23T19:45:38.961005,Preset-Video-FOG,fog,0.0,0.651,0.00,NORMAL CAPACITY
2026-09-23T19:45:39.465465,Preset-Video-FOG,fog,0.0,0.647,0.00,NORMAL CAPACITY
2026-09-23T19:45:39.983039,Preset-Video-FOG,fog,0.0,0.646,0.00,NORMAL CAPACITY
2026-09-23T19:45:41.457322,Preset-EMPTY,fog,0.0,0.602,0.00,NORMAL CAPACITY
2026-09-23T19:46:03.828932,Preset-EMPTY,fog,0.0,0.602,0.00,NORMAL CAPACITY
2026-09-23T19:46:15.104160,Preset-CLEAR,clear,43.0,0.671,0.43,NORMAL CAPACITY
2026-09-23T19:46:24.023377,Preset-RAIN,rain,50.0,0.647,0.65,CAUTION MONITORING
2026-09-23T19:48:00.411062,Preset-EMPTY,fog,0.0,0.602,0.00,NORMAL CAPACITY
2026-09-23T19:48:29.570150,Preset-FOG,fog,5.0,0.529,0.12,NORMAL CAPACITY
2026-09-23T19:49:07.268951,Preset-FOG,fog,5.0,0.529,0.12,NORMAL CAPACITY
2026-09-23T19:49:12.366913,Preset-RAIN,rain,50.0,0.647,1.00,CAPACITY THRESHOLD EXCEEDED
2026-09-23T19:49:55.056057,Preset-GLARE,glare,3.0,0.644,0.07,NORMAL CAPACITY
2026-09-23T19:50:17.001241,Preset-EMPTY,fog,0.0,0.602,0.00,NORMAL CAPACITY
2026-09-23T19:50:39.404022,Preset-Video-FOG,fog,0.0,0.647,0.00,NORMAL CAPACITY
2026-09-23T19:50:40.327419,Preset-Video-FOG,fog,0.0,0.648,0.00,NORMAL CAPACITY
2026-09-23T19:50:41.202531,Preset-Video-FOG,fog,0.0,0.648,0.00,NORMAL CAPACITY
2026-09-23T19:50:42.130024,Preset-Video-FOG,fog,0.0,0.649,0.00,NORMAL CAPACITY
2026-09-23T19:50:43.032993,Preset-Video-FOG,fog,0.0,0.649,0.00,NORMAL CAPACITY
2026-09-23T19:50:43.945070,Preset-Video-FOG,fog,0.0,0.648,0.00,NORMAL CAPACITY
2026-09-23T19:50:44.824611,Preset-Video-FOG,fog,0.0,0.647,0.00,NORMAL CAPACITY
2026-09-23T19:50:45.705540,Preset-Video-FOG,fog,0.0,0.649,0.00,NORMAL CAPACITY
2026-09-23T19:50:46.626905,Preset-Video-FOG,fog,0.0,0.648,0.00,NORMAL CAPACITY
2026-09-23T19:50:47.522893,Preset-Video-FOG,fog,0.0,0.648,0.00,NORMAL CAPACITY
2026-09-23T19:50:48.438268,Preset-Video-FOG,fog,0.0,0.648,0.00,NORMAL CAPACITY
2026-09-23T19:50:49.330088,Preset-Video-FOG,fog,0.0,0.650,0.00,NORMAL CAPACITY
2026-09-23T19:50:50.243182,Preset-Video-FOG,fog,0.0,0.650,0.00,NORMAL CAPACITY
2026-09-23T19:50:51.138785,Preset-Video-FOG,fog,0.0,0.649,0.00,NORMAL CAPACITY
2026-09-23T19:50:52.025516,Preset-Video-FOG,fog,0.0,0.649,0.00,NORMAL CAPACITY
2026-09-23T19:50:52.914676,Preset-Video-FOG,fog,0.0,0.651,0.00,NORMAL CAPACITY
2026-09-23T19:50:53.788168,Preset-Video-FOG,fog,0.0,0.647,0.00,NORMAL CAPACITY
2026-09-23T19:50:54.706032,Preset-Video-FOG,fog,0.0,0.647,0.00,NORMAL CAPACITY
2026-09-23T19:50:55.600564,Preset-Video-FOG,fog,0.0,0.646,0.00,NORMAL CAPACITY
2026-09-23T19:50:56.499815,Preset-Video-FOG,fog,0.0,0.647,0.00,NORMAL CAPACITY
2026-09-23T19:51:22.494548,Preset-Video-RAIN,rain,8.0,0.751,0.21,NORMAL CAPACITY
2026-09-23T19:51:23.372897,Preset-Video-RAIN,rain,18.0,0.752,0.47,NORMAL CAPACITY
2026-09-23T19:51:24.278268,Preset-Video-RAIN,rain,11.0,0.752,0.29,NORMAL CAPACITY
2026-09-23T19:51:25.150799,Preset-Video-RAIN,rain,8.0,0.753,0.21,NORMAL CAPACITY
2026-09-23T19:51:26.037695,Preset-Video-RAIN,rain,9.0,0.752,0.23,NORMAL CAPACITY
2026-09-23T19:51:26.955432,Preset-Video-RAIN,rain,7.0,0.751,0.18,NORMAL CAPACITY
2026-09-23T19:51:27.856206,Preset-Video-RAIN,rain,13.0,0.753,0.34,NORMAL CAPACITY
2026-09-23T19:51:28.755352,Preset-Video-RAIN,rain,9.0,0.751,0.23,NORMAL CAPACITY
2026-09-23T19:51:29.642440,Preset-Video-RAIN,rain,5.0,0.750,0.13,NORMAL CAPACITY
2026-09-23T19:51:30.570684,Preset-Video-RAIN,rain,2.0,0.753,0.05,NORMAL CAPACITY
2026-09-23T19:51:31.476357,Preset-Video-RAIN,rain,4.0,0.752,0.10,NORMAL CAPACITY
2026-09-23T19:51:32.380449,Preset-Video-RAIN,rain,5.0,0.753,0.13,NORMAL CAPACITY
2026-09-23T19:51:33.293735,Preset-Video-RAIN,rain,6.0,0.752,0.16,NORMAL CAPACITY
2026-09-23T19:51:34.174812,Preset-Video-RAIN,rain,5.0,0.754,0.13,NORMAL CAPACITY
2026-09-23T19:51:35.066440,Preset-Video-RAIN,rain,10.0,0.753,0.26,NORMAL CAPACITY
2026-09-23T19:51:35.968425,Preset-Video-RAIN,rain,6.0,0.753,0.16,NORMAL CAPACITY
2026-09-23T19:51:36.893834,Preset-Video-RAIN,rain,9.0,0.751,0.23,NORMAL CAPACITY
2026-09-23T19:51:37.797346,Preset-Video-RAIN,rain,5.0,0.752,0.13,NORMAL CAPACITY
2026-09-23T19:51:38.708881,Preset-Video-RAIN,rain,8.0,0.752,0.21,NORMAL CAPACITY
2026-09-23T19:51:39.610661,Preset-Video-RAIN,rain,7.0,0.752,0.18,NORMAL CAPACITY
